{"cameraMode":{"drawMode":0,"name":"Shaded","section":"Shading Mode"},"sceneLighting":false,"audioPlay":false,"sceneViewState":{"m_AlwaysRefresh":false,"showFog":true,"showSkybox":true,"showFlares":true,"showImageEffects":true,"showParticleSystems":true,"showVisualEffectGraphs":true,"m_FxEnabled":true},"in2DMode":false,"pivot":{"x":-1.0992121696472169,"y":0.9880580902099609,"z":7.816577911376953},"rotation":{"x":0.30352410674095156,"y":-0.008003611117601395,"z":0.002549668774008751,"w":0.9527872800827026},"size":5.5063042640686039,"orthographic":false}